Animals,Pets,dog,Dog-Sketch.png,Dog.mp3
Animals,Pets,puppy,,
Animals,Pets,cat,Cat-Sketch.png,Cat.mp3
Animals,Pets,kitten,,
Animals,Pets,hamster,Hamster-Sketch.png,
Animals,Pets,guinea pig,Guinea-Pig-Sketch.png,
Animals,Pets,mouse,Mouse-Sketch.png,Mouse.mp3
Animals,Pets,parakeet,Parakeet-Sketch.png,
Animals,Pets,parrot,Parrot-Sketch.png,Parrot.mp3
Animals,Pets,goldfish,,
Animals,Pets,dog food,,
Animals,Pets,litter box,,
Animals,Pets,hamster wheel,,
Animals,Pets,bird cage,,
Animals,Pets,fish bowl,,
Animals,Pets,kennel,,
Animals,Pets,ball of yarn,,
Animals,Pets,tail,Tail-Sketch.png,Tail.mp3
Animals,Pets,beak,,
Animals,Pets,feather,Feather-Picture.png,
Animals,Forest,fox,Fox-Sketch.png,Fox.mp3
Animals,Forest,rabbit,Rabbit-Sketch.png,Rabbit.mp3
Animals,Forest,deer,,
Animals,Forest,skunk,Skunk-Sketch.png,
Animals,Forest,owl,Owl-Sketch.png,Owl.mp3
Animals,Forest,mole,Mole-Sketch.png,
Animals,Forest,toad,,
Animals,Forest,mouse,Mouse-Sketch.png,Mouse.mp3
Animals,Forest,beaver,Beaver-Sketch.png,
Animals,Forest,bear,,
Animals,Forest,tree stump,Tree-Stump-Sketch.png,
Animals,Forest,tree,Tree-Sketch.png,Tree.mp3
Animals,Forest,branches,,
Animals,Forest,leaves,,
Animals,Forest,mushrooms,,
Animals,Forest,moss,,
Animals,Forest,lichen,,
Animals,Forest,log,,
Animals,Forest,stream,,
Animals,Forest,dam,,
Animals,Safari,watering hole,,
Animals,Safari,shade,,
Animals,Safari,lion,Lion-Sketch.png,Lion.mp3
Animals,Safari,cubs,,
Animals,Safari,meerkat,,
Animals,Safari,warthog,,
Animals,Safari,zebra,Zebra-Sketch.png,
Animals,Safari,giraffe,Giraffe-Sketch.png,Giraffe.mp3
Animals,Safari,monkey,Monkey-Sketch.png,
Animals,Safari,elephant,Elephant-Sketch.png,Elephant.mp3
Animals,Safari,trunk,,
Animals,Safari,hippopotamus,,
Animals,Safari,gazelle,Gazelle-Sketch.png,
Animals,Safari,wildebeest,,
Animals,Safari,rhinoceros,Rhinoceros-Sketch.png,
Animals,Safari,horns,,
Animals,Safari,snake,,
Animals,Safari,shrubs,,
Animals,Safari,grass,Grass-Sketch.png,Grass.mp3
Animals,Safari,rocks,,
Animals,Ocean,sea star,,
Animals,Ocean,anemone,,
Animals,Ocean,fish,Fish-Sketch.png,Fish.mp3
Animals,Ocean,shrimp,,
Animals,Ocean,crab,Crab-Sketch.png,
Animals,Ocean,lobster,Lobster-Sketch.png,
Animals,Ocean,skate,Skate-Sketch.png,Skate.mp3
Animals,Ocean,oyster,,
Animals,Ocean,scallop,,
Animals,Ocean,coral,,
Animals,Ocean,coral reef,,
Animals,Ocean,barnacle,,
Animals,Ocean,seaweed,,Seaweed.mp3
Animals,Ocean,kelp,,
Animals,Ocean,jellyfish,Jellyfish-Sketch.png,
Animals,Ocean,scuba diver,,
Animals,Ocean,air tank,,
Animals,Ocean,fin,,
Animals,Ocean,tentacle,,
Animals,Ocean,bubbles,,
Animals,Arctic,penguins,,
Animals,Arctic,walrus,Walrus-Sketch.png,
Animals,Arctic,sea lions,,
Animals,Arctic,polar bears,,
Animals,Arctic,orca,Orca-Sketch.png,
Animals,Arctic,humpback whale,,
Animals,Arctic,albatross,Albatross-Sketch.png,
Animals,Arctic,snow,,Snow.mp3
Animals,Arctic,ice,Ice-Sketch.png,Ice.mp3
Animals,Arctic,iceberg,,
Animals,Arctic,icicle,,
Animals,Arctic,glacier,,
Animals,Arctic,settlement,,
Animals,Arctic,ice fishing,,
Animals,Arctic,fishing pole,,
Animals,Arctic,bucket,Bucket-Sketch.png,
Animals,Arctic,explorer,,
Animals,Arctic,snowcoat,,
Animals,Arctic,sled,Sled-Sketch.png,
Animals,Arctic,supplies,,
People,Self,head,,
People,Self,hair,Hair-Sketch.png,Hair.mp3
People,Self,eyes,Eyes-Sketch.png,Eyes.mp3
People,Self,nose,Nose-Sketch.png,Nose.mp3
People,Self,ears,Ears-Sketch.png,Ears.mp3
People,Self,mouth,Mouth-Sketch.png,Mouth.mp3
People,Self,neck,,
People,Self,chest,,
People,Self,shoulders,,
People,Self,tummy,,
People,Self,back,,
People,Self,bottom,,
People,Self,arms,,
People,Self,elbow,,
People,Self,hands,,
People,Self,fingers,,Fingers.mp3
People,Self,legs,Legs-Sketch.png,Legs.mp3
People,Self,knees,,
People,Self,feet,,
People,Self,toes,Toes-Sketch.png,Toes.mp3
People,Family,mother,Mother-Sketch.png,Mother.mp3
People,Family,father,Father-Sketch.png,Father.mp3
People,Family,son,Son-Sketch.png,
People,Family,daughter,Daughter-Sketch.png,Daughter.mp3
People,Family,brother,,Brother.mp3
People,Family,sister,,Sister.mp3
People,Family,uncle,,Uncle.mp3
People,Family,aunt,,Aunt.mp3
People,Family,cousin,,
People,Family,grandma,,
People,Family,grandpa,,
People,Family,dress,,
People,Family,suit,,
People,Family,tie,Tie-Sketch.png,
People,Family,rocking chair,Rocking-Chair-Sketch.png,
People,Family,cane,,
People,Family,photographer,,
People,Family,photo,,
People,Family,camera,,
People,Family,picture frame,,
People,Clothing,underwear,,
People,Clothing,under-shirt,,
People,Clothing,shirt,,
People,Clothing,t-shirt,,
People,Clothing,sweater,,
People,Clothing,jacket,,
People,Clothing,pants,,
People,Clothing,jeans,,
People,Clothing,shorts,,
People,Clothing,skirt,,
People,Clothing,dress,,
People,Clothing,socks,,
People,Clothing,shoes,Shoes-Sketch.png,
People,Clothing,tennis shoes,,
People,Clothing,boots,Boots-Sketch.png,Boots.mp3
People,Clothing,sandals,Sandals-Sketch.png,Sandals.mp3
People,Clothing,gloves,Gloves-Sketch.png,
People,Clothing,pockets,,
People,Clothing,cap,,Cap.mp3
People,Clothing,hat,Hat-Sketch.png,Hat.mp3
People,Play,swings,Swings-Sketch.png,
People,Play,sandbox,Sandbox-Sketch.png,
People,Play,see saw or teeter totter,See-Saw-Or-Teeter-Totter-Sketch.png,
People,Play,monkey bars,Monkey-Bars-Sketch.png,
People,Play,tether ball,,
People,Play,slide,Slide-Sketch.png,
People,Play,jump rope,,
People,Play,ball,Ball-Picture.png,Ball.mp3
People,Play,soccer,,
People,Play,children,,
People,Play,play,,
People,Play,hide,,Hide.mp3
People,Play,climb,,Climb.mp3
People,Play,dance,,Dance.mp3
People,Play,laugh,,
People,Play,jump,,Jump.mp3
People,Play,fight,,Fight.mp3
People,Play,throw,Throw-Picture.png,Throw.mp3
People,Play,catch,Catch-Picture.png,
People,Play,skip,,skip.mp3
People,School,teacher,,
People,School,whiteboard,,
People,School,map,,Map.mp3
People,School,book,,Book.mp3
People,School,notebook,,
People,School,globe,,
People,School,paper,,
People,School,pencils,,
People,School,crayons,Crayons-Sketch.png,Crayons.mp3
People,School,eraser,,
People,School,pen,,
People,School,chalk,,
People,School,ruler,,
People,School,scissors,,
People,School,glue,,
People,School,desk,Desk-Sketch.png,
People,School,draw,,Draw.mp3
People,School,write,,
People,School,make,,
People,School,read,,Read.mp3
Home,Bedroom,bed,Bed-Sketch.png,Bed.mp3
Home,Bedroom,bed-stand,,
Home,Bedroom,pillow,Pillow-Sketch.png,Pillow.mp3
Home,Bedroom,alarm clock,Alarm-Clock-Sketch.png,
Home,Bedroom,comforter,,
Home,Bedroom,blanket,Blanket-Sketch.png,Blanket.mp3
Home,Bedroom,drawers,,
Home,Bedroom,closet,,
Home,Bedroom,lamp,Lamp-Picture.png,Lamp.mp3
Home,Bedroom,rug,Rug-Sketch.png,
Home,Bedroom,posters,,
Home,Bedroom,sleep,,Sleep.mp3
Home,Bedroom,yawn,,Yawn.mp3
Home,Bedroom,shelves,,
Home,Bedroom,closet,,
Home,Bedroom,hangers,,
Home,Bedroom,fan,Fan-Picture.png,Fan.mp3
Home,Bedroom,socket,,
Home,Bedroom,window,Window-Sketch.png,Window.mp3
Home,Bedroom,blinds,,
Home,Bathroom,bathtub,,Bathtub.mp3
Home,Bathroom,shower-cap,,
Home,Bathroom,water,Water-Sketch.png,Water.mp3
Home,Bathroom,bubble bath,,
Home,Bathroom,steam,,
Home,Bathroom,shower,,
Home,Bathroom,soap,Soap-Picture.png,
Home,Bathroom,sponge,,
Home,Bathroom,loofah,,
Home,Bathroom,sink,,
Home,Bathroom,water tap,,
Home,Bathroom,robe,,
Home,Bathroom,comb,Comb-Picture.png,
Home,Bathroom,hairbrush,,
Home,Bathroom,toothbrush,,Toothbrush.mp3
Home,Bathroom,toilet,,
Home,Bathroom,toilet paper,,
Home,Bathroom,towel,,
Home,Bathroom,mirror,Mirror-Picture.png,
Home,Bathroom,wash,Wash-Picture.png,
Home,Living Room,sofa,Sofa-Sketch.png,
Home,Living Room,Ottoman,,
Home,Living Room,cushion,,Cushion.mp3
Home,Living Room,carpet,Carpet-Sketch.png,
Home,Living Room,curtain,,
Home,Living Room,television,,
Home,Living Room,stereo,,
Home,Living Room,radio,,
Home,Living Room,DVD player,,
Home,Living Room,CD,,
Home,Living Room,newspapers,,
Home,Living Room,magazine,,
Home,Living Room,letters,,
Home,Living Room,clock,Clock-Sketch.png,Clock.mp3
Home,Living Room,door,,Door.mp3
Home,Living Room,table,Table-Sketch.png,Table.mp3
Home,Living Room,stairs,,
Home,Living Room,coat rack,,
Home,Living Room,picture,,
Home,Living Room,telephone,,
Home,Kitchen,chair,Chair-Sketch.png,Chair.mp3
Home,Kitchen,stool,Stool-Sketch.png,Stool.mp3
Home,Kitchen,refrigerator,Refrigerator-Sketch.png,
Home,Kitchen,calendar,,
Home,Kitchen,dishwasher,,
Home,Kitchen,dish towel,,
Home,Kitchen,microwave,,
Home,Kitchen,stove,,
Home,Kitchen,frying pan,Frying-Pan-Sketch.png,
Home,Kitchen,plates,,
Home,Kitchen,saucers,,
Home,Kitchen,bowls,,
Home,Kitchen,cups,Cups-Sketch.png,
Home,Kitchen,forks,,
Home,Kitchen,spoons,Spoons-Sketch.png,Spoons.mp3
Home,Kitchen,knives,,
Home,Kitchen,cabinet,,
Home,Kitchen,switch,,
Home,Kitchen,apron,,
Home,Kitchen,trash,,
Home,Garage,washing machine,,
Home,Garage,dryer,,
Home,Garage,laundry detergent,,
Home,Garage,laundry hamper,,
Home,Garage,squeegee,,
Home,Garage,mop,,
Home,Garage,broom,Broom-Sketch.png,Broom.mp3
Home,Garage,dustpan,,
Home,Garage,duster,,
Home,Garage,vacuum cleaner,,
Home,Garage,iron,,
Home,Garage,ironing board,,
Home,Garage,container,,
Home,Garage,jars,,
Home,Garage,trash can,,
Home,Garage,cobweb,,Cobweb.mp3
Home,Garage,paint can,,
Home,Garage,paint roller,,
Home,Garage,light bulb,,
Home,Garage,garage door,,
Neighbourhood,Yard,tree,Tree-Sketch.png,Tree.mp3
Neighbourhood,Yard,bird,,
Neighbourhood,Yard,nest,,Nest.mp3
Neighbourhood,Yard,leaves,,
Neighbourhood,Yard,sticks,Sticks-Sketch.png,Sticks.mp3
Neighbourhood,Yard,grass,Grass-Sketch.png,Grass.mp3
Neighbourhood,Yard,hedge,,
Neighbourhood,Yard,flowers,Flowers-Sketch.png,Flowers.mp3
Neighbourhood,Yard,shed,,
Neighbourhood,Yard,wheelbarrow,Wheelbarrow-Sketch.png,Wheelbarrow.mp3
Neighbourhood,Yard,watering can,,
Neighbourhood,Yard,sprinkler,,
Neighbourhood,Yard,shovel,Shovel-Picture.png,
Neighbourhood,Yard,trowel,Trowel-Sketch.png,
Neighbourhood,Yard,hoe,Hoe-Sketch.png,Hoe.mp3
Neighbourhood,Yard,lawnmower,,
Neighbourhood,Yard,rake,,
Neighbourhood,Yard,pitchfork,,
Neighbourhood,Yard,ladder,,
Neighbourhood,Yard,dig,Dig-Picture.png,
Neighbourhood,Garden,rose,,
Neighbourhood,Garden,tulip,,
Neighbourhood,Garden,violet,,
Neighbourhood,Garden,azalea,,
Neighbourhood,Garden,daffodil,,
Neighbourhood,Garden,pansy,,
Neighbourhood,Garden,petunia,,
Neighbourhood,Garden,dandelion,Dandelion-Picture.png,
Neighbourhood,Garden,birdbath,,
Neighbourhood,Garden,birdhouse,,
Neighbourhood,Garden,moss,,
Neighbourhood,Garden,lichen,,
Neighbourhood,Garden,butterfly,Butterfly-Picture.png,
Neighbourhood,Garden,spade,Spade-Sketch.png,Spade.mp3
Neighbourhood,Garden,pot,Pot-Sketch.png,Pot.mp3
Neighbourhood,Garden,dirt,,
Neighbourhood,Garden,fertilizer,,
Neighbourhood,Garden,wheelbarrow,Wheelbarrow-Sketch.png,Wheelbarrow.mp3
Neighbourhood,Garden,caterpillar,,
Neighbourhood,Garden,snail,Snail-Sketch.png,
Neighbourhood,Tool Shed,tool box,,
Neighbourhood,Tool Shed,workbench,,
Neighbourhood,Tool Shed,wood,,Wood.mp3
Neighbourhood,Tool Shed,ladder,,
Neighbourhood,Tool Shed,sandpaper,,
Neighbourhood,Tool Shed,screw,,
Neighbourhood,Tool Shed,screwdriver,Screwdriver-Picture.png,
Neighbourhood,Tool Shed,nail,Nail-Sketch.png,Nail.mp3
Neighbourhood,Tool Shed,hammer,,
Neighbourhood,Tool Shed,saw,,
Neighbourhood,Tool Shed,sawdust,,
Neighbourhood,Tool Shed,bolts,,
Neighbourhood,Tool Shed,nuts,,
Neighbourhood,Tool Shed,tacks,,
Neighbourhood,Tool Shed,axe,Axe-Picture.png,
Neighbourhood,Tool Shed,tape measure,Tape-Measure-Sketch.png,
Neighbourhood,Tool Shed,flash light,,
Neighbourhood,Tool Shed,drill,Drill-Sketch.png,
Neighbourhood,Tool Shed,tape,,
Neighbourhood,Tool Shed,belt sander,,
Neighbourhood,Barbecue,cooking,,
Neighbourhood,Barbecue,grill,,
Neighbourhood,Barbecue,ribs,,
Neighbourhood,Barbecue,steak,,
Neighbourhood,Barbecue,hot dogs,,
Neighbourhood,Barbecue,hamburgers,,
Neighbourhood,Barbecue,French fries,,
Neighbourhood,Barbecue,corn on the cob,,
Neighbourhood,Barbecue,thermometer,,
Neighbourhood,Barbecue,porch,,
Neighbourhood,Barbecue,backyard,,
Neighbourhood,Barbecue,picnic tables,,
Neighbourhood,Barbecue,place-mats,,
Neighbourhood,Barbecue,barbecue sauce,,
Neighbourhood,Barbecue,charcoal,,
Neighbourhood,Barbecue,lighter,,
Neighbourhood,Barbecue,tongs,,
Neighbourhood,Barbecue,tray,,
Neighbourhood,Barbecue,lawn chair,,
Neighbourhood,Barbecue,sprinkler,,
Neighbourhood,Neighbours,house,House-Sketch.png,House.mp3
Neighbourhood,Neighbours,apartment,,
Neighbourhood,Neighbours,mailbox,,
Neighbourhood,Neighbours,mail truck,,
Neighbourhood,Neighbours,mail carrier,,
Neighbourhood,Neighbours,lawn ornament,,
Neighbourhood,Neighbours,telephone pole,,
Neighbourhood,Neighbours,telephone wire,,
Neighbourhood,Neighbours,roof,,
Neighbourhood,Neighbours,chimney,Chimney-Sketch.png,Chimney.mp3
Neighbourhood,Neighbours,antenna,,
Neighbourhood,Neighbours,fence,,
Neighbourhood,Neighbours,carpenter,,
Neighbourhood,Neighbours,painter,,Painter.mp3
Neighbourhood,Neighbours,lawn ornament,,
Neighbourhood,Neighbours,lawn,,
Neighbourhood,Neighbours,shrub,,
Neighbourhood,Neighbours,shears,,
Neighbourhood,Neighbours,wind chimes,,
Neighbourhood,Neighbours,rocking chair,Rocking-Chair-Sketch.png,
Town,Main Street,street,,
Town,Main Street,side-walk,,
Town,Main Street,cross-walk,,
Town,Main Street,traffic light,Traffic-Light-Sketch.png,
Town,Main Street,sign,,
Town,Main Street,car,Car-Picture.png,
Town,Main Street,truck,Truck-Picture.png,
Town,Main Street,bus,,
Town,Main Street,bus stop,,
Town,Main Street,police car,,
Town,Main Street,taxi,,
Town,Main Street,van,,
Town,Main Street,ambulance,,
Town,Main Street,bicycle,,Bicycle.mp3
Town,Main Street,motorcycle,Motorcycle-Picture.png,
Town,Main Street,lamp post,,
Town,Main Street,restaurant,,
Town,Main Street,store,,
Town,Main Street,billboard,,
Town,Main Street,fire truck,,
Town,Park,bench,Bench-Sketch.png,
Town,Park,lake,,Lake.mp3
Town,Park,path,Path-Sketch.png,Path.mp3
Town,Park,gate,Gate-Sketch.png,Gate.mp3
Town,Park,kite,,
Town,Park,string,,
Town,Park,skateboard,Skateboard-Picture.png,
Town,Park,tricycle,Tricycle-Picture.png,
Town,Park,roller blades,,
Town,Park,duck,Duck-Sketch.png,Duck.mp3
Town,Park,swan,Swan-Sketch.png,
Town,Park,birds,,
Town,Park,dog,Dog-Sketch.png,Dog.mp3
Town,Park,leash,,
Town,Park,jogging,,
Town,Park,race,,
Town,Park,talk,,Talk.mp3
Town,Park,walk,,
Town,Park,run,,Run.mp3
Town,Park,sit,,
Town,Farm,farmhouse,,
Town,Farm,hen house,,
Town,Farm,cowshed,,
Town,Farm,stable,,
Town,Farm,barn,Barn-Sketch.png,Barn.mp3
Town,Farm,field,,
Town,Farm,orchard,,
Town,Farm,pond,,
Town,Farm,hay,,Hay.mp3
Town,Farm,tractor,,
Town,Farm,cart,,
Town,Farm,scarecrow,,
Town,Farm,cow,Cow-Sketch.png,Cow.mp3
Town,Farm,horse,Horse-Sketch.png,Horse.mp3
Town,Farm,sheep,Sheep-Sketch.png,Sheep.mp3
Town,Farm,hen,Hen-Sketch.png,Hen.mp3
Town,Farm,pig,Pig-Sketch.png,Pig.mp3
Town,Farm,farmer,Farmer-Sketch.png,Farmer.mp3
Town,Farm,shepherd,,
Town,Farm,rooster,,
Town,Hotel,front desk,,
Town,Hotel,manager,,
Town,Hotel,door man,,
Town,Hotel,concierge,,
Town,Hotel,vase,,
Town,Hotel,elevator,,
Town,Hotel,clerk,,
Town,Hotel,buffet,,
Town,Hotel,bellhop,,
Town,Hotel,security guard,,
Town,Hotel,receptionist,,
Town,Hotel,guests,,
Town,Hotel,uniforms,,
Town,Hotel,revolving door,,
Town,Hotel,lobby,,
Town,Hotel,luggage,,
Town,Hotel,briefcase,,
Town,Hotel,tote bag,,
Town,Hotel,backpack,Backpack-Picture.png,
Town,Hotel,chandelier,,
Town,Plaza,statue,Statue-Sketch.png,
Town,Plaza,plaque,,
Town,Plaza,fountains,,
Town,Plaza,sightseers,,
Town,Plaza,officers,,
Town,Plaza,tour guide,,
Town,Plaza,theatre,,
Town,Plaza,church,,
Town,Plaza,city hall,,
Town,Plaza,library,,Library.mp3
Town,Plaza,museum,,
Town,Plaza,flag pole,,
Town,Plaza,flag,,
Town,Plaza,hotel,,
Town,Plaza,trolley,,
Town,Plaza,news stand,,
Town,Plaza,hard-hat,Hard-Hat-Sketch.png,
Town,Plaza,hole,,
Town,Plaza,pipe,Pipe-Sketch.png,Pipe.mp3
Town,Plaza,foreman,,
Food,Breakfast,toast,,
Food,Breakfast,cereal,,
Food,Breakfast,muffins,,
Food,Breakfast,pancakes,,Pancakes.mp3
Food,Breakfast,waffles,,
Food,Breakfast,bread rolls,,
Food,Breakfast,bagels,Bagels-Sketch.png,
Food,Breakfast,boiled eggs,,
Food,Breakfast,fried eggs,,
Food,Breakfast,tangerines,,
Food,Breakfast,coffee,,Coffee.mp3
Food,Breakfast,orange juice,,
Food,Breakfast,milk,,
Food,Breakfast,syrup,,Syrup.mp3
Food,Breakfast,butter,,Butter.mp3
Food,Breakfast,jam,,
Food,Breakfast,sugar,,
Food,Breakfast,cream,,
Food,Breakfast,salt,,
Food,Breakfast,pepper,,
Food,Lunch,eat,,
Food,Lunch,drink,Drink-Picture.png,Drink.mp3
Food,Lunch,potatoes,,
Food,Lunch,rice,,
Food,Lunch,green beans,Green-Beans-Sketch.png,
Food,Lunch,lima beans,,
Food,Lunch,pork chops,,
Food,Lunch,dumplings,,
Food,Lunch,chopsticks,,
Food,Lunch,peas,Peas-Sketch.png,
Food,Lunch,corn,Corn-Picture.png,
Food,Lunch,Graham crackers,,
Food,Lunch,fruit juice,,
Food,Lunch,napkin,,
Food,Lunch,plum,Plum-Sketch.png,Plum.mp3
Food,Lunch,raisins,,
Food,Lunch,artichoke,,
Food,Lunch,asparagus,,
Food,Lunch,fish fillets,,
Food,Lunch,lunch box,,
Food,Dinner,turkey,Turkey-Sketch.png,
Food,Dinner,beef stew,,
Food,Dinner,centerpiece,,
Food,Dinner,pitcher,,
Food,Dinner,pasta,,
Food,Dinner,spaghetti,,
Food,Dinner,meatballs,,
Food,Dinner,ravioli,,
Food,Dinner,cornbread,,
Food,Dinner,broccoli,,
Food,Dinner,gravy,,
Food,Dinner,salad,,
Food,Dinner,dressing,,
Food,Dinner,tea,,Tea.mp3
Food,Dinner,cider,,
Food,Dinner,dessert,,
Food,Dinner,cake,Cake-Sketch.png,Cake.mp3
Food,Dinner,chocolate,,
Food,Dinner,cookie,,
Food,Dinner,ice cream,Ice-Cream-Picture.png,
Food,Marketplace,cashier,,
Food,Marketplace,basket,Basket-Sketch.png,Basket.mp3
Food,Marketplace,money,Money-Sketch.png,Money.mp3
Food,Marketplace,coin purse,,
Food,Marketplace,purse,Purse-Picture.png,
Food,Marketplace,carrot,Carrot-Sketch.png,Carrot.mp3
Food,Marketplace,cucumber,,
Food,Marketplace,apples,,Apples.mp3
Food,Marketplace,grapes,Grapes-Sketch.png,
Food,Marketplace,lemons,Lemons-Sketch.png,Lemons.mp3
Food,Marketplace,celery,Celery-Sketch.png,
Food,Marketplace,melon,,
Food,Marketplace,onion,,
Food,Marketplace,cabbage,Cabbage-Sketch.png,
Food,Marketplace,peach,,
Food,Marketplace,lettuce,Lettuce-Sketch.png,Lettuce.mp3
Food,Marketplace,tomato,Tomato-Picture.png,
Food,Marketplace,plum,Plum-Sketch.png,Plum.mp3
Food,Marketplace,pineapple,Pineapple-Sketch.png,
Food,Marketplace,buy,,
Food,Deli,bread,Bread-Sketch.png,Bread.mp3
Food,Deli,ham,,
Food,Deli,chicken,,
Food,Deli,beef,,Beef.mp3
Food,Deli,salami,,
Food,Deli,sausage,,
Food,Deli,potato chips,,
Food,Deli,pickle,Pickle-Sketch.png,
Food,Deli,tuna,,
Food,Deli,shrimp,,
Food,Deli,cheese,,Cheese.mp3
Food,Deli,sandwich,Sandwich-Sketch.png,Sandwich.mp3
Food,Deli,cold cuts,,
Food,Deli,platter,,
Food,Deli,butcher,,
Food,Deli,baker,,
Food,Deli,bar stool,,
Food,Deli,counter,,
Food,Deli,booth,,
Mall,Toy Store,puppets,,
Mall,Toy Store,racing car,,
Mall,Toy Store,train set,,
Mall,Toy Store,doll house,Doll-House-Sketch.png,
Mall,Toy Store,toy boat,,
Mall,Toy Store,whistle,Whistle-Sketch.png,Whistle.mp3
Mall,Toy Store,mask,,
Mall,Toy Store,marbles,,
Mall,Toy Store,toy soldiers,,
Mall,Toy Store,clay,,
Mall,Toy Store,beads,,
Mall,Toy Store,rocking horse,Rocking-Horse-Sketch.png,
Mall,Toy Store,bricks,Bricks-Sketch.png,Bricks.mp3
Mall,Toy Store,doll,,Doll.mp3
Mall,Toy Store,dice,,
Mall,Toy Store,robot,Robot-Sketch.png,Robot.mp3
Mall,Toy Store,bank,,
Mall,Toy Store,bow,,
Mall,Toy Store,rubber duck,,
Mall,Toy Store,playing cards,,
Mall,Music Store,piano,,Piano.mp3
Mall,Music Store,guitar,Guitar-Picture.png,
Mall,Music Store,violin,,
Mall,Music Store,recorder,,
Mall,Music Store,flute,,
Mall,Music Store,trumpet,Trumpet-Sketch.png,
Mall,Music Store,harmonica,Harmonica-Sketch.png,
Mall,Music Store,speaker,,
Mall,Music Store,audio mixer,,
Mall,Music Store,drums,,
Mall,Music Store,microphone,,
Mall,Music Store,headphones,,
Mall,Music Store,sheet music,,
Mall,Music Store,synthesizer,,
Mall,Music Store,oboe
Mall,Music Store,french horn,,
Mall,Music Store,clarinet,,
Mall,Music Store,marimba,,
Mall,Music Store,xylophone,Xylophone-Sketch.png,
Mall,Music Store,triangle,Triangle-Sketch.png,
Mall,Music Store,listen,,
Mall,Computer Store,computer,,
Mall,Computer Store,monitor,,
Mall,Computer Store,laptop,,
Mall,Computer Store,keyboard,,
Mall,Computer Store,mouse,Mouse-Sketch.png,Mouse.mp3
Mall,Computer Store,printer,,
Mall,Computer Store,scanner,,
Mall,Computer Store,fax machine,,
Mall,Computer Store,tablets,,
Mall,Computer Store,stylus,,
Mall,Computer Store,smart-phone,,
Mall,Computer Store,phone case,,
Mall,Computer Store,video recorder,,
Mall,Computer Store,sales associate,,
Mall,Computer Store,flash drive,,
Mall,Computer Store,hard drive,,
Mall,Computer Store,SD card,,
Mall,Computer Store,box,,Box.mp3
Mall,Computer Store,video game,,
Mall,Computer Store,headset,,
Mall,Auto Store,mechanic,,
Mall,Auto Store,tow truck,,
Mall,Auto Store,engine,,
Mall,Auto Store,hood,,
Mall,Auto Store,wrench,,
Mall,Auto Store,headlights,,
Mall,Auto Store,tire,,
Mall,Auto Store,wheel,Wheel-Picture.png,
Mall,Auto Store,battery,,
Mall,Auto Store,oil,,
Mall,Auto Store,gas,,
Mall,Auto Store,glass,,Glass.mp3
Mall,Auto Store,transmission,,
Mall,Auto Store,muffler,,
Mall,Auto Store,torch,,
Mall,Auto Store,wind-shield wiper,,
Mall,Auto Store,bumper,,
Mall,Auto Store,rims,,
Mall,Auto Store,hubcap,,
Mall,Auto Store,air pump,,
Mall,Sport Store,basketball,,
Mall,Sport Store,baseball,,
Mall,Sport Store,baseball bat,Baseball-Bat-Sketch.png,
Mall,Sport Store,football,Football-Sketch.png,
Mall,Sport Store,soccer ball,,
Mall,Sport Store,tennis ball,,
Mall,Sport Store,tennis racket,,
Mall,Sport Store,hockey puck,,
Mall,Sport Store,hockey stick,,
Mall,Sport Store,golf ball,,
Mall,Sport Store,golf club,,
Mall,Sport Store,helmet,,Helmet.mp3
Mall,Sport Store,knee pads,,
Mall,Sport Store,shoulder pads,,
Mall,Sport Store,shin guards,,
Mall,Sport Store,bow,,
Mall,Sport Store,arrows,,
Mall,Sport Store,cleats,,
Mall,Sport Store,jersey,,
Mall,Sport Store,badminton,,
Wilderness,Desert,kangaroo,Kangaroo-Sketch.png,
Wilderness,Desert,lizard,Lizard-Sketch.png,Lizard.mp3
Wilderness,Desert,tortoise,,
Wilderness,Desert,camels,,
Wilderness,Desert,horses,,
Wilderness,Desert,dingoes,,
Wilderness,Desert,parrots,,
Wilderness,Desert,eagles,,
Wilderness,Desert,wings,,
Wilderness,Desert,cliffs,,
Wilderness,Desert,desert,,
Wilderness,Desert,mountains,,
Wilderness,Desert,road,,
Wilderness,Desert,caravan,,
Wilderness,Desert,canteen,,
Wilderness,Desert,sweat,,
Wilderness,Desert,cactus,Cactus-Sketch.png,
Wilderness,Desert,cliffs,,
Wilderness,Desert,rock climbing,,
Wilderness,Desert,sunset,,Sunset.mp3
Wilderness,Countryside,sun,Sun-Sketch.png,Sun.mp3
Wilderness,Countryside,sky,,
Wilderness,Countryside,clouds,,
Wilderness,Countryside,rain,,
Wilderness,Countryside,storm,,
Wilderness,Countryside,lightning,,Lightning.mp3
Wilderness,Countryside,wind,,Wind.mp3
Wilderness,Countryside,windmill,Windmill-Sketch.png,
Wilderness,Countryside,forest,Forest-Sketch.png,Forest.mp3
Wilderness,Countryside,mist,,
Wilderness,Countryside,signpost,,
Wilderness,Countryside,town,Town-Sketch.png,Town.mp3
Wilderness,Countryside,bridge,Bridge-Sketch.png,Bridge.mp3
Wilderness,Countryside,horizon,,
Wilderness,Countryside,RV,,
Wilderness,Countryside,camping,,
Wilderness,Countryside,canal,,
Wilderness,Countryside,steamboat,,
Wilderness,Countryside,cabin,,
Wilderness,Countryside,aeroplane,,
Wilderness,Jungle,gorilla,Gorilla-Sketch.png,
Wilderness,Jungle,tiger,Tiger-Sketch.png,Tiger.mp3
Wilderness,Jungle,panda,Panda-Sketch.png,
Wilderness,Jungle,alligator,Alligator-Sketch.png,Alligator.mp3
Wilderness,Jungle,turtle,Turtle-Sketch.png,Turtle.mp3
Wilderness,Jungle,bamboo,,
Wilderness,Jungle,logs,,
Wilderness,Jungle,vines,,
Wilderness,Jungle,swamp,,
Wilderness,Jungle,fog,,
Wilderness,Jungle,frog,Frog-Sketch.png,Frog.mp3
Wilderness,Jungle,hovercraft,,
Wilderness,Jungle,propeller,,
Wilderness,Jungle,chameleon,,
Wilderness,Jungle,canopy,,
Wilderness,Jungle,understory,,
Wilderness,Jungle,forest floor,,
Wilderness,Jungle,water lily,,
Wilderness,Jungle,peat,,
Wilderness,Jungle,cattail,,
Wilderness,Cave,stalactite,,
Wilderness,Cave,stalagmite,,
Wilderness,Cave,bats,,
Wilderness,Cave,waterfall,Waterfall-Picture.png,
Wilderness,Cave,lake,,Lake.mp3
Wilderness,Cave,puddles,Puddles-Sketch.png,Puddles.mp3
Wilderness,Cave,spelunking,,
Wilderness,Cave,pick-axe,,
Wilderness,Cave,ruins,,
Wilderness,Cave,fossils,,
Wilderness,Cave,cave painting,,
Wilderness,Cave,sunlight,,
Wilderness,Cave,jungle,,
Wilderness,Cave,lizard,Lizard-Sketch.png,Lizard.mp3
Wilderness,Cave,snake,,
Wilderness,Cave,mine cart,,
Wilderness,Cave,artefact,,
Wilderness,Cave,rails,,
Wilderness,Cave,wetsuits,,
Wilderness,Cave,boots,Boots-Sketch.png,Boots.mp3
Wilderness,Island,beach,,Beach.mp3
Wilderness,Island,port,,
Wilderness,Island,islet,,
Wilderness,Island,lighthouse,,
Wilderness,Island,sea,,
Wilderness,Island,tanker,,
Wilderness,Island,coastline,,
Wilderness,Island,volcano,Volcano-Sketch.png,
Wilderness,Island,lava,,
Wilderness,Island,ash,,
Wilderness,Island,eruption,,
Wilderness,Island,lagoon,,
Wilderness,Island,atoll,,
Wilderness,Island,sea foam,,
Wilderness,Island,hut,,
Wilderness,Island,village,,
Wilderness,Island,arch,,
Wilderness,Island,sand bar,,
Wilderness,Island,river delta,,
Wilderness,Island,tide pool,,
Activities,Painting,artist,,
Activities,Painting,painting,Painting-Sketch.png,Painting.mp3
Activities,Painting,ink,,
Activities,Painting,palette,,
Activities,Painting,palette knife,,
Activities,Painting,think,,
Activities,Painting,red,,Red.mp3
Activities,Painting,orange,,Orange.mp3
Activities,Painting,yellow,,Yellow.mp3
Activities,Painting,green,,Green.mp3
Activities,Painting,blue,,Blue.mp3
Activities,Painting,indigo,,
Activities,Painting,violet,,
Activities,Painting,white,,White.mp3
Activities,Painting,grey,,
Activities,Painting,black,,Black.mp3
Activities,Painting,canvas,,
Activities,Painting,spotlight,,
Activities,Painting,easel,,
Activities,Painting,projector,,
Activities,Hiking,camper,,
Activities,Hiking,sleeping bag,,
Activities,Hiking,walking stick,,
Activities,Hiking,water cooler,,
Activities,Hiking,bonfire,,
Activities,Hiking,smoke,,
Activities,Hiking,firewood,,
Activities,Hiking,branches,,
Activities,Hiking,tent,Tent-Sketch.png,Tent.mp3
Activities,Hiking,squirrel,Squirrel-Sketch.png,Squirrel.mp3
Activities,Hiking,fox,Fox-Sketch.png,Fox.mp3
Activities,Hiking,rabbit,Rabbit-Sketch.png,Rabbit.mp3
Activities,Hiking,mole,Mole-Sketch.png,
Activities,Hiking,toad,,
Activities,Hiking,tortoise,,
Activities,Hiking,owl,Owl-Sketch.png,Owl.mp3
Activities,Hiking,stream,,
Activities,Hiking,berries,,Berries.mp3
Activities,Hiking,hills,,Hills.mp3
Activities,Hiking,path,Path-Sketch.png,Path.mp3
Activities,Fishing,boat,Boat-Sketch.png,Boat.mp3
Activities,Fishing,fisherman,Fisherman-Sketch.png,Fisherman.mp3
Activities,Fishing,sunglasses,Sunglasses-Picture.png,
Activities,Fishing,rain coat,,
Activities,Fishing,bait,,
Activities,Fishing,ocean,,
Activities,Fishing,net,,
Activities,Fishing,fishing rod,,
Activities,Fishing,hook,,
Activities,Fishing,line,,
Activities,Fishing,sinker,,
Activities,Fishing,waves,,
Activities,Fishing,life preservers,,
Activities,Fishing,steering wheel,,
Activities,Fishing,pier,,
Activities,Fishing,dock,,
Activities,Fishing,bay,,
Activities,Fishing,lighthouse,,
Activities,Fishing,seagull,,
Activities,Fishing,pelican,,Pelican.mp3
Activities,Acting,stage,,
Activities,Acting,actor,,
Activities,Acting,actress,,
Activities,Acting,singing,Singing-Sketch.png,Singing.mp3
Activities,Acting,rehearsing,,
Activities,Acting,sandbag,,
Activities,Acting,ropes,,
Activities,Acting,prop,,
Activities,Acting,backdrop,,
Activities,Acting,script,,
Activities,Acting,scriptwriter,,
Activities,Acting,director,,
Activities,Acting,megaphone,,
Activities,Acting,dress,,
Activities,Acting,costume,,
Activities,Acting,stage hand,,
Activities,Acting,stage curtains,,
Activities,Acting,seats,,
Activities,Acting,trap door,,
Activities,Acting,balcony,,
Activities,Studying,librarian,,
Activities,Studying,bookshelves,,
Activities,Studying,dictionary,,
Activities,Studying,encyclopaedia,,
Activities,Studying,reference desk,,
Activities,Studying,checkout desk,,
Activities,Studying,student,,
Activities,Studying,studying,,
Activities,Studying,study group,,
Activities,Studying,calculator,,
Activities,Studying,flash cards,,
Activities,Studying,graphs,,
Activities,Studying,homework,,
Activities,Studying,diorama,,
Activities,Studying,book cart,,
Activities,Studying,whispering,,Whispering.mp3
Activities,Studying,instructing,,
Activities,Studying,ignoring,,
Activities,Studying,magnifying glass,,
Activities,Studying,sticky note,,
Vacation,Beach,sailing boat,,
Vacation,Beach,sail,,
Vacation,Beach,ship,,
Vacation,Beach,seaweed,,Seaweed.mp3
Vacation,Beach,pebbles,,
Vacation,Beach,sandcastle,,
Vacation,Beach,beach blanket,,
Vacation,Beach,starfish,Starfish-Sketch.png,
Vacation,Beach,shell,,
Vacation,Beach,pier,,
Vacation,Beach,beach chair,,
Vacation,Beach,swimsuit,,
Vacation,Beach,sun hat,,
Vacation,Beach,flippers,,Flippers.mp3
Vacation,Beach,lifeguard,,
Vacation,Beach,pavilion,,
Vacation,Beach,board walk,,
Vacation,Beach,cottage,,
Vacation,Beach,surfing,,
Vacation,Beach,surfboard,,
Vacation,Rail-road,conductor,,
Vacation,Rail-road,passenger train,,
Vacation,Rail-road,steam locomotive,,
Vacation,Rail-road,signal tower,,
Vacation,Rail-road,tracks,,
Vacation,Rail-road,coal,,
Vacation,Rail-road,boxcar,,
Vacation,Rail-road,bell,Bell-Sketch.png,Bell.mp3
Vacation,Rail-road,map,,Map.mp3
Vacation,Rail-road,brochure,,
Vacation,Rail-road,ticket,,
Vacation,Rail-road,station,,
Vacation,Rail-road,platform,,
Vacation,Rail-road,water-tower,,
Vacation,Rail-road,pocket watch,,
Vacation,Rail-road,engineer,,
Vacation,Rail-road,binoculars,Binoculars-Sketch.png,
Vacation,Rail-road,parking lot,,
Vacation,Rail-road,gentleman,,
Vacation,Rail-road,lady
Vacation,Resort,suitcase or luggage,,
Vacation,Resort,swimming pool,,
Vacation,Resort,diving board,,
Vacation,Resort,water slide,,
Vacation,Resort,palm tree,,
Vacation,Resort,shuffle-board,,
Vacation,Resort,life preserver,,
Vacation,Resort,jacuzzi,,
Vacation,Resort,lodge,,
Vacation,Resort,life-preserver,,
Vacation,Resort,watch tower,,
Vacation,Resort,binoculars,Binoculars-Sketch.png,
Vacation,Resort,umbrella,Umbrella-Sketch.png,Umbrella.mp3
Vacation,Resort,parasol,,
Vacation,Resort,swimming,,Swimming.mp3
Vacation,Resort,diving,,Diving.mp3
Vacation,Resort,lounging,,
Vacation,Resort,tanning,,
Vacation,Resort,sunscreen,,
Vacation,Resort,swimming float,,
Vacation,Resort,splash,,
Vacation,Circus,popcorn,,
Vacation,Circus,cotton candy,,
Vacation,Circus,corn dog,,
Vacation,Circus,clown,,Clown.mp3
Vacation,Circus,mime,,
Vacation,Circus,clown car,,
Vacation,Circus,magician,,
Vacation,Circus,top hat,Top-Hat-Sketch.png,
Vacation,Circus,doves,,
Vacation,Circus,unicyclist,,
Vacation,Circus,juggler,,
Vacation,Circus,acrobat,,
Vacation,Circus,roller coaster,,
Vacation,Circus,Ferris wheel,,
Vacation,Circus,merry go round,,Merry-Go-Round.mp3
Vacation,Circus,circus tent,,
Vacation,Circus,stuffed animal,,
Vacation,Circus,ring toss,,
Vacation,Circus,ring,Ring-Sketch.png,Ring.mp3
Vacation,Circus,fireworks,,
Vacation,Festival,stew pot or cauldron,Stew-Pot-Or-Cauldron-Sketch.png,
Vacation,Festival,pot-luck,,
Vacation,Festival,knight,,
Vacation,Festival,judge,Judge-Sketch.png,Judge.mp3
Vacation,Festival,entertainment,,
Vacation,Festival,bard,,
Vacation,Festival,king,King-Sketch.png,King.mp3
Vacation,Festival,queen,Queen-Sketch.png,Queen.mp3
Vacation,Festival,wizard,,
Vacation,Festival,archery,,
Vacation,Festival,pony,,
Vacation,Festival,harp,Harp-Sketch.png,
Vacation,Festival,donkey,,
Vacation,Festival,sword,,
Vacation,Festival,shield,,
Vacation,Festival,joust,,
Vacation,Festival,audience,,
Vacation,Festival,barrel,,
Vacation,Festival,wand,,
Vacation,Festival,balloon,Balloon-Sketch.png,Balloon.mp3